PUBLIC,About the EITI,Fact sheets
PUBLIC,About the EITI,Progress Report
PUBLIC,About the EITI,Financial reporting
PUBLIC,About the EITI,Newsletter
PUBLIC,About the EITI,Misc
PUBLIC,Guidance on the Standard,Guidance note
PUBLIC,Guidance on the Standard,Examples from countries
PUBLIC,Guidance on the Standard,Glossary
PUBLIC,Country reporting,EITI Report
PUBLIC,Country reporting,Annual progress report
PUBLIC,Country reporting,Validation
PUBLIC,Country reporting,Other implementing country documents
PUBLIC,Analysis,By EITI
PUBLIC,Analysis,By Others
PUBLIC,Call for tenders,Open calls
PUBLIC,Call for tenders,Closed calls
PUBLIC,Consultations,Open consultations
PUBLIC,Consultations,Closed consultations
PUBLIC,Board,Decisions database
PUBLIC,Board,Meeting documents
PUBLIC,Board,Committee minutes & documents
PUBLIC,Other,Other publications
INTERNAL,Board Committees,Audit Committee
INTERNAL,Board Committees,Finance Committee
INTERNAL,Board Committees,Governance and Oversight Committee
INTERNAL,Board Committees,Implementation Committee
INTERNAL,Board Committees,Nominations Committee
INTERNAL,Board Committees,Outreach and Candidature Committee
INTERNAL,Board Committees,Rapid Response Committee
INTERNAL,Board Committees,Validation Committee
INTERNAL,Decisions database,Pending Decisions
INTERNAL,Decisions database,Taken Decisions
INTERNAL,Board,Board meeting papers
INTERNAL,Board,Board circulars
INTERNAL,Board,Internal Progress Report (IPR)
INTERNAL,Other,Validation report
INTERNAL,Other,Other Publications